{"initial_reset_timestamp": 23193.040638236, "timestamps": [23195.970283483, 23201.802479074, 23207.096090459, 23212.577457594, 23218.190316974, 23224.070658301, 23229.365360488, 23235.00967283, 23240.203164266, 23245.379035439, 23250.562739943, 23256.342338432, 23262.529547307, 23267.750326197, 23273.879797237, 23279.459273133, 23285.090207949, 23290.640294861, 23296.197614621, 23301.976327294, 23307.418697712, 23313.038139112, 23318.536084776, 23324.176062653, 23330.578581332, 23336.321268693, 23343.233377083, 23349.85776703, 23356.604072293, 23362.248221444, 23371.474600239, 23378.095303246, 23383.497496332, 23389.36552821, 23395.567536011, 23401.632546924, 23407.223028048, 23413.473002549, 23420.249796856, 23426.082293012, 23432.014519378, 23437.635885817, 23446.258621918, 23452.213638509, 23461.754875648, 23467.972354323, 23473.567154138, 23480.568202459, 23486.468819734, 23492.102628611, 23498.560032718, 23504.547024593, 23512.099877098, 23518.757712223, 23529.052979507, 23538.901776426, 23544.600006844, 23553.25335067, 23560.312833733, 23566.173997139, 23576.470441104, 23583.144581801, 23589.180351861, 23595.98691954, 23601.955108257, 23612.740836601, 23619.551520591, 23625.796907348, 23631.406213976, 23641.378482236, 23646.848180889, 23653.13054896, 23660.439140726, 23669.635544639, 23675.674412268, 23682.990137275, 23690.959174741, 23697.156292772, 23703.15884815, 23710.618969932, 23716.70178659, 23731.142121997, 23737.503734771, 23754.831253053, 23760.527327574, 23777.967778534, 23786.171243754, 23792.777585676, 23800.33368431, 23806.354153544, 23824.290481732, 23843.106788727, 23861.525729756, 23879.984427224, 23893.611973484, 23912.583887606, 23918.039530936, 23923.761764657, 23942.444524008, 23961.488959027, 23967.911648368, 23987.047278926, 23996.289634871, 24003.316579967, 24022.426737773, 24028.303662638, 24034.317188945, 24040.038355449, 24059.895218339, 24079.922933605, 24099.178541086, 24118.806870187, 24124.667604173, 24143.886197527], "episode_lengths": [86, 100, 71, 88, 75, 130, 49, 119, 46, 53, 76, 115, 153, 40, 134, 80, 106, 76, 87, 91, 60, 73, 67, 114, 172, 96, 186, 183, 167, 81, 451, 202, 55, 95, 118, 127, 68, 137, 197, 98, 86, 77, 328, 81, 418, 104, 55, 194, 69, 82, 84, 86, 271, 172, 458, 415, 75, 300, 201, 80, 470, 111, 90, 122, 72, 479, 139, 79, 57, 402, 56, 84, 217, 347, 88, 167, 237, 79, 76, 169, 77, 704, 117, 1000, 46, 1000, 246, 132, 181, 72, 1000, 1000, 1000, 1000, 664, 1000, 39, 56, 1000, 1000, 47, 1000, 313, 152, 1000, 44, 67, 43, 1000, 1000, 1000, 1000, 43, 1000], "episode_rewards": [595.1883757151777, 414.9226605398965, 439.9906704268649, 258.72960805698176, 365.4341901354351, 301.378955150482, 310.8024136214382, 653.7220861042164, 206.90593633556946, 274.21742516124476, 464.92828661842987, 789.0526355198624, 684.9966230387017, 197.3093290202839, 669.234522268682, 213.79493270088196, 555.9736738971005, 185.12998631212415, 332.7919620778971, 359.6604606783447, 313.1102233929606, 354.8248389144012, 221.74482193358, 382.37895398914463, 1264.546426768151, 257.83618379792017, 921.6305384746395, 685.1317740988862, 188.4908468636415, 640.5219745578834, 108.3909688265171, 147.31456238961687, 340.0928956567445, 624.6648941180906, 385.7847585761098, 342.70952022762805, 255.06173887039427, 866.5141596129927, 677.9067616934418, 530.4474910783846, 330.89316444295537, 456.1204213817722, 1077.709604985694, 219.47192671090443, 1838.9225061210163, 467.8314184707967, 442.1511015864584, 469.68400336465425, 421.4559254488305, 500.9437226713767, 573.7522196893447, 496.40452223605035, 421.4124961129163, 920.443863819113, 2591.7663206131374, 1258.9549668837756, 279.51719427249674, 799.912840101034, 1239.4435242290297, 574.0590555982187, 1365.3194030655482, 1015.7688278635485, 547.1788183923683, 1255.9298897614442, 190.03271527203495, 1308.8666289151286, 103.16664458055271, 182.33633606596965, 213.76072630769036, 282.5281613104848, 257.99669370681715, 407.50063755841296, 612.6208285948684, 756.9132296693575, 361.1225408440387, 804.3240771105803, 1054.213326805258, 460.0522145897081, 274.41086156352327, 766.036250020152, 362.0347783658004, 716.009330754806, 241.36815758626594, 964.3346652155521, 94.65762735285773, 1633.2147270921978, 951.9518024628809, 132.40197110400672, 606.1403734472592, 328.8883956335254, 2955.397347495344, 2187.1313476766463, 1422.9145007207367, 1007.2983672776725, 958.9020127509413, 1786.9480173901047, 190.5261302514308, 180.91764483362016, 1624.469839431706, 754.6902141144495, 96.36095898337113, 1165.390193500775, 405.9470910463949, 492.4130639562688, 1940.7589272982445, 113.6862688099107, 129.1114922713915, 140.96448117197824, 1092.9662896033392, 975.1521503729601, 1666.9174749017934, 1454.3655288651107, 104.69518896970762, 993.2746723687815], "episode_types": ["t", "t", "t", "t", "t", "t", "t", "t", "t", "t", "t", "t", "t", "t", "t", "t", "t", "t", "t", "t", "t", "t", "t", "t", "t", "t", "t", "t", "t", "t", "t", "t", "t", "t", "t", "t", "t", "t", "t", "t", "t", "t", "t", "t", "t", "t", "t", "t", "t", "t", "t", "t", "t", "t", "t", "t", "t", "t", "t", "t", "t", "t", "t", "t", "t", "t", "t", "t", "t", "t", "t", "t", "t", "t", "t", "t", "t", "t", "t", "t", "t", "t", "t", "t", "t", "t", "t", "t", "t", "t", "t", "t", "t", "t", "t", "t", "t", "t", "t", "t", "t", "t", "t", "t", "t", "t", "t", "t", "t", "t", "t", "t", "t", "t", "t"]}