{"initial_reset_timestamp": 195610.388998754, "timestamps": [195611.971734517, 195613.780009656, 195614.441120703, 195615.046404814, 195615.768454039, 195616.470186693, 195617.102795934, 195617.660160704, 195618.164960787, 195618.802289402, 195619.349640394, 195619.921690807, 195620.504036294, 195621.091478094, 195621.721927552, 195622.433167813, 195623.139289592, 195623.736125531, 195624.292581153, 195624.922842921, 195625.593055268, 195626.250827236, 195626.891959039, 195627.564306329, 195628.24851468, 195628.85710766, 195629.413505204, 195630.1352966, 195630.730956303, 195631.537019242, 195632.31566063, 195632.965900123, 195633.709750337, 195634.483073372, 195635.221189175, 195635.904913647, 195636.579831899, 195637.236227721, 195637.882564717, 195638.587601629, 195639.37174372, 195640.035843067, 195640.564627431, 195641.174781106, 195642.0729994, 195642.766641979, 195643.403834124, 195644.04103854, 195644.583130691, 195645.171823128, 195645.76767955, 195646.328320709, 195646.955159819, 195647.648423918, 195648.278456799, 195648.975953066, 195649.688511293, 195650.375367423, 195651.144324745, 195651.862529704, 195652.460881508, 195653.02363993, 195653.703850474, 195654.312781264, 195654.939971862, 195655.565872566, 195656.225970656, 195656.909370329, 195657.546016227, 195658.18720641, 195658.827175726, 195659.384452995, 195660.012395002, 195660.629346485, 195661.190566601, 195661.813195605, 195662.495833351, 195663.106256476, 195663.67416442, 195664.365359878, 195665.004314709, 195665.652405568, 195666.276621888, 195666.8784188, 195667.43884193, 195668.001754301, 195668.562074481, 195669.116293021, 195669.648708493, 195670.183228018, 195670.718565229, 195671.23622733, 195671.770401966, 195672.322971171, 195672.869551476, 195673.445845163, 195674.032897625, 195674.743341509, 195675.317511263, 195675.895387865, 195676.976647475, 195677.742338127, 195678.44055041, 195679.137437749, 195679.858153979, 195680.59057757, 195681.311218481, 195682.029151781, 195682.736711295, 195683.471565258, 195684.201770097, 195684.893946421, 195685.611443382, 195686.319441224, 195687.121200017, 195687.824171284, 195688.547475556, 195689.315005981, 195690.071028395, 195690.773732415, 195691.481992196, 195692.203613123, 195692.922535889, 195693.640560149, 195694.36654576, 195695.080897663, 195695.805983138, 195696.53843485, 195697.253680038, 195697.94956917, 195698.678732042, 195699.557586839, 195700.292006734, 195701.015194516, 195701.768898717, 195702.501848137, 195703.212179572, 195703.9182471, 195704.623599401, 195705.327293638, 195706.069162708, 195706.794755872, 195707.50095198, 195708.201804216, 195708.902732372, 195709.614333091, 195710.328895121, 195711.051243177, 195711.880543939, 195712.656399786, 195713.408401122, 195714.114573891, 195714.827778016, 195715.570142844, 195716.309886281, 195717.041331716, 195717.731829326, 195718.421842768, 195719.122434144, 195719.832201911, 195720.55645738, 195721.263533805, 195721.966497614, 195722.666070334, 195723.486968413, 195724.265653331, 195725.015354185, 195725.697721762, 195726.401030179, 195727.116212568, 195727.831410176, 195728.528380575, 195729.220480969, 195729.920364268, 195730.615346094, 195731.297528882, 195731.999451963, 195732.723466783, 195733.47547846, 195734.267553374, 195735.16834416, 195735.932710165, 195736.699577533, 195737.439855548, 195738.155770054, 195738.869074779, 195739.582244584, 195740.281196966, 195740.981134324, 195741.70048608, 195742.482778287, 195743.19929362, 195743.899905795, 195744.593363835, 195745.300691292, 195746.033765411, 195746.873399198, 195747.598349594, 195748.318539016, 195749.030271186, 195750.223939764, 195751.019294357, 195751.798201104, 195752.510502503, 195753.21410521, 195753.921910862, 195754.627844411, 195755.380274857, 195756.087232743, 195756.779423078, 195757.487741679, 195758.143359084, 195758.917981106, 195759.579002683, 195760.246052949, 195760.892698574, 195761.561250517, 195762.215224467, 195762.884961606, 195763.544062149, 195764.231718288, 195764.929269875, 195765.632048044, 195766.33921375, 195767.053325952, 195767.753760139, 195768.468844918, 195769.156288977, 195769.847052266, 195770.652647366, 195771.330502127, 195772.004254863, 195772.687719206, 195773.357527904, 195774.003280162, 195774.650321246, 195775.331321571, 195776.031448279, 195776.72951276, 195777.418479655, 195778.114109508, 195778.797947129, 195779.444893503, 195780.113661784, 195780.837686534, 195781.554424067, 195782.339405796, 195783.018700463, 195783.751835592, 195784.459852134, 195785.164954035, 195785.869747098, 195786.569072519, 195787.273961411, 195787.972856323, 195788.674545396, 195789.396230662, 195790.083851012, 195790.814925628, 195791.523090109, 195792.216213331, 195792.887082275, 195793.523985462, 195794.310034157, 195795.009384708, 195795.692743952, 195796.387536877, 195797.078945644, 195797.787759714, 195798.499176174, 195799.192471325, 195799.89324123, 195800.632485309, 195801.343190742, 195802.027530183, 195802.691661219, 195803.3336201, 195804.003486788, 195804.728158805, 195805.492695531, 195806.345718584, 195807.076560441, 195807.770039671, 195808.434792686, 195809.153494502, 195809.859749351, 195810.536014387, 195811.20729824, 195811.848533533, 195812.459213016, 195813.084510141, 195813.774132424, 195814.467299355, 195815.185668863, 195815.875147136, 195816.567908359, 195817.320044966, 195817.939984449, 195818.603378988, 195819.272524009, 195820.397898792, 195821.189638808, 195821.900547441, 195822.615836078, 195823.330415418, 195824.063995716, 195824.808016229], "episode_lengths": [20, 25, 18, 19, 27, 19, 21, 14, 16, 16, 18, 18, 19, 18, 22, 24, 22, 16, 18, 21, 22, 20, 21, 22, 22, 17, 17, 20, 16, 33, 17, 22, 24, 24, 22, 20, 21, 19, 20, 23, 25, 16, 15, 21, 28, 16, 22, 17, 15, 19, 16, 17, 20, 21, 17, 24, 18, 23, 25, 20, 16, 17, 17, 19, 18, 19, 20, 21, 17, 21, 17, 15, 22, 15, 17, 20, 21, 15, 17, 16, 21, 18, 19, 17, 16, 17, 16, 16, 15, 16, 15, 15, 16, 16, 16, 18, 17, 18, 16, 18, 21, 21, 21, 21, 23, 22, 22, 22, 21, 24, 21, 21, 22, 21, 21, 22, 22, 25, 22, 21, 22, 22, 22, 22, 22, 21, 23, 22, 21, 21, 23, 23, 22, 22, 24, 21, 22, 21, 22, 21, 24, 21, 22, 21, 22, 21, 21, 22, 22, 22, 22, 21, 22, 22, 23, 21, 21, 21, 21, 22, 22, 21, 22, 21, 22, 26, 21, 21, 22, 22, 22, 21, 21, 22, 21, 21, 21, 23, 23, 26, 23, 24, 24, 22, 22, 22, 22, 21, 22, 22, 23, 21, 22, 22, 22, 22, 22, 22, 21, 21, 21, 21, 22, 21, 22, 22, 22, 22, 22, 20, 20, 20, 20, 20, 20, 20, 20, 20, 20, 20, 21, 21, 22, 22, 22, 22, 22, 21, 22, 21, 21, 21, 22, 20, 20, 20, 22, 21, 21, 22, 21, 21, 19, 22, 24, 21, 21, 21, 23, 21, 22, 22, 22, 22, 21, 22, 22, 21, 22, 22, 21, 20, 19, 22, 21, 21, 22, 21, 23, 21, 21, 22, 23, 21, 21, 19, 20, 21, 24, 24, 22, 23, 20, 21, 23, 20, 21, 20, 19, 17, 20, 22, 21, 23, 20, 23, 17, 20, 21, 20, 22, 21, 23, 22, 22, 24, 22],