{"initial_reset_timestamp": 19602.732439224, "timestamps": [19609.056340521, 19609.579691869, 19610.006000321, 19612.61822146, 19615.642840653], "episode_lengths": [33, 44, 47, 60, 274], "episode_rewards": [77.68905630137628, 105.16026917223822, 82.07742910980637, 147.39556902533792, -581.7961792452355], "episode_types": ["t", "t", "t", "t", "t"]}