{"initial_reset_timestamp": 24269.743524222, "timestamps": [24272.385535943, 24277.712042414, 24283.015967719, 24288.137944787, 24293.649026608, 24298.856771951, 24304.409989934, 24309.880464131, 24315.167498142, 24322.33492877, 24327.748068359, 24333.000325336, 24338.471928348, 24343.746437862, 24350.747685823, 24358.469588294, 24364.244129156, 24369.598030576, 24376.744444978, 24381.778898774, 24387.6882138, 24393.222696386, 24398.91295169, 24404.377440746, 24410.970048817, 24416.63974229, 24421.910769304, 24427.749917542, 24435.422686897, 24441.554882542, 24447.381238338, 24453.536812031, 24458.782355211, 24464.713426156, 24470.136494452, 24476.167829191, 24482.096641394, 24487.414436485, 24495.37725575, 24501.467754338, 24507.307711405, 24514.259095315, 24520.328328563, 24526.23954826, 24532.181540573, 24538.06365069, 24543.402407405, 24549.77715549, 24556.043738432, 24562.370256622, 24568.020635684, 24575.91076768, 24581.710048769, 24587.583332696, 24593.502546889, 24599.181293667, 24606.605597926, 24614.928540128, 24623.575760405, 24629.762237947, 24636.008180052, 24641.945314996, 24648.074984566, 24654.731910644, 24663.043521467, 24671.112353363, 24679.133446077, 24685.576548386, 24691.023845813, 24698.77483883, 24704.735120617, 24710.849918821, 24716.985227446, 24723.472071997, 24729.86085357, 24736.500955524, 24744.625784884, 24752.030966262, 24760.90439206, 24768.757727708, 24775.560155546, 24784.929354808, 24792.578355659, 24801.906777717, 24815.681699665, 24822.234579752, 24840.519635463, 24846.525115616, 24852.150786246, 24859.155418845, 24866.796011095, 24873.193118901, 24880.214663206, 24887.309865416, 24895.402260285, 24903.653143639, 24910.990090001, 24920.521320228, 24937.560379504, 24948.645621038, 24957.69977801, 24964.68498811, 24970.716397953, 24979.590899779, 24985.406996068, 24995.135157356, 25002.307861155, 25011.685334245, 25020.493713319, 25029.934412314, 25037.285873284, 25045.479714703, 25052.947550143, 25060.370030178, 25067.057363381, 25073.295279612], "episode_lengths": [74, 49, 76, 58, 86, 59, 92, 117, 58, 315, 65, 85, 68, 70, 247, 319, 108, 79, 230, 50, 110, 76, 100, 76, 160, 101, 61, 98, 309, 137, 101, 145, 74, 118, 79, 122, 123, 58, 342, 105, 112, 178, 120, 93, 106, 83, 50, 136, 146, 155, 86, 267, 92, 90, 74, 63, 212, 294, 337, 103, 111, 82, 126, 150, 288, 240, 272, 142, 49, 233, 76, 115, 109, 150, 122, 138, 214, 180, 290, 201, 168, 343, 216, 367, 682, 122, 1000, 79, 75, 156, 230, 117, 150, 161, 201, 233, 164, 322, 840, 425, 124, 115, 85, 277, 84, 346, 140, 303, 260, 302, 170, 196, 167, 160, 128, 71], "episode_rewards": [410.92809868153853, 164.51566700651298, 525.8588539323157, 375.20726204481616, 399.51284044618984, 200.41670623142323, 515.07128303578, 442.8375155720939, 334.4601258593639, 1742.6586107567275, 357.6442520476467, 556.1937203859012, 270.6965546659235, 206.63477224392207, 1176.0285289170533, 717.2649145536479, 584.5185370060517, 171.04002191676767, 207.78239329701594, 175.94920480898327, 481.4274817931087, 181.84085042272577, 185.04233691974676, 295.4391693821864, 548.6071798965351, 646.7387452312362, 280.7340117791294, 379.5069934690784, 635.4625903295284, 440.27778445235816, 338.5783295097619, 976.4682566673047, 222.70309310200975, 779.6116170671926, 345.34516829480583, 923.5897151745367, 688.1120883331185, 450.51828779274274, 1956.8209438003746, 468.525419701515, 580.8283008139485, 960.4273418313863, 881.8077555974523, 282.3174310073165, 170.66759320622185, 466.37318950030823, 184.20463768159766, 854.9069062078219, 528.0579778039456, 1002.6733386628434, 479.16599288454745, 1197.879724814156, 488.1305326840286, 663.5290022801495, 192.6924247695305, 279.21604304532804, -129.24109727308348, 313.8330991710369, 888.5652748060497, 303.56821285946234, 263.2536501755465, 325.08820197056315, 971.775203618995, 739.3330362257756, 604.6471422254853, 71.16014933796676, 1876.3419208268367, 1117.1808753660987, 180.418434318118, 1257.4889188684115, 377.46665770598895, 454.8273657061871, 283.0038207469754, 897.5948800136854, 805.004147785939, 1368.7815965375487, 724.9375214533395, 816.2122319733583, 1376.9651770863832, 489.3262494996591, 318.85425033158, 1375.2656241301004, 945.1374626202949, 1169.871405950657, -155.7076476733051, 326.0742009766179, -1304.3759095431897, 477.21487014838414, 310.57269501446547, 317.2387236194221, 1275.7463067492426, 486.17357261828846, 755.60074291421, 606.9090623289128, 1122.2215054844853, 658.6873081878001, 653.5040593691107, 412.1082607608334, 2137.0219136860237, 725.8009124913007, 360.62477821923454, 417.27625780536135, 601.4425999281345, 1599.7530676652739, 615.059452260003, 1328.1839844076032, 484.5223511719895, 992.8815707041102, 1212.4908839572672, 1073.4626094084485, 936.4068387198153, 1050.0660579191067, 636.7535981822192, 676.4248720071014, 246.8725047838347, 564.1267707020221], "episode_types": ["t", "t", "t", "t", "t", "t", "t", "t", "t", "t", "t", "t", "t", "t", "t", "t", "t", "t", "t", "t", "t", "t", "t", "t", "t", "t", "t", "t", "t", "t", "t", "t", "t", "t", "t", "t", "t", "t", "t", "t", "t", "t", "t", "t", "t", "t", "t", "t", "t", "t", "t", "t", "t", "t", "t", "t", "t", "t", "t", "t", "t", "t", "t", "t", "t", "t", "t", "t", "t", "t", "t", "t", "t", "t", "t", "t", "t", "t", "t", "t", "t", "t", "t", "t", "t", "t", "t", "t", "t", "t", "t", "t", "t", "t", "t", "t", "t", "t", "t", "t", "t", "t", "t", "t", "t", "t", "t", "t", "t", "t", "t", "t", "t", "t", "t", "t"]}